Theta,R
0.0,2.0
0.018868424345884642,2.056601914353401
0.037736848691769284,2.1131836780361515
0.056605273037653926,2.169725147551377
0.07547369738353857,2.226206193747205
0.09434212172942322,2.282606708982879
0.11321054607530785,2.3389066142872186
0.1320789704211925,2.3950858665068706
0.15094739476707714,2.45112446544181
0.16981581911296179,2.5070024609655475
0.18868424345884643,2.5626999601275116
0.20755266780473106,2.6181971342350776
0.2264210921506157,2.6734742259127176
0.24528951649650035,2.7285115561357616
0.264157940842385,2.7832895312362647
0.2830263651882696,2.8377886498784903
0.3018947895341543,2.8919895100015167
0.3207632138800389,2.9458728157265073
0.33963163822592357,2.9994193842261727
0.3585000625718082,3.0526101525539913
0.37736848691769287,3.1054261844307494
0.39623691126357746,3.157848676985986
0.4151053356094621,3.2098589674519435
0.43397375995534676,3.261438539807643
0.4528421843012314,3.312569031370713
0.47171060864711606,3.363232239334632
0.4905790329930007,3.4134101272490533
0.5094474573388853,3.4630848314409035
0.52831588168477,3.512238667373974
0.5471843060306546,3.5608541359447368
0.5660527303765392,3.6089139297121475
0.5849211547224239,3.6564009390592105
0.6037895790683085,3.703298258284123
0.6226580034141932,3.7495891916188198
0.6415264277600778,3.7952572591727805
0.6603948521059625,3.8402862027999856
0.6792632764518471,3.884659991886927
0.6981317007977318,3.9283628290596178
0.7170001251436164,3.9713791558075657
0.7358685494895011,4.013693658022708
0.7547369738353857,4.055291271451343
0.7736053981812703,4.096157187057102
0.7924738225271549,4.136276856293076
0.8113422468730396,4.1756359962811915
0.8302106712189242,4.214220594897016
0.8490790955648089,4.252016915758173
0.8679475199106935,4.2890115031145815
0.8868159442565782,4.325191186638804
0.9056843686024628,4.36054308611477
0.9245527929483475,4.395054616023218
0.9434212172942321,4.428713490022232
0.9622896416401168,4.461507725321262
0.9811580659860014,4.493425646947081
1.000026490331886,4.524455891900151
1.0188949146777706,4.5545874131999335
1.0377633390236554,4.583809483817692
1.05663176336954,4.612111700495382
1.0755001877154247,4.639483987449288
1.0943686120613092,4.665916599957067
1.113237036407194,4.691400127826942
1.1321054607530785,4.71592549874779
1.1509738850989633,4.73948398151895
1.1698423094448478,4.762067189158589
1.1887107337907326,4.7836670818895275
1.207579158136617,4.804275970001453
1.2264475824825016,4.82388651658851
1.2453160068283864,4.8424917401612895
1.264184431174271,4.860085017132288
1.2830528555201557,4.876660084173949
1.3019212798660402,4.892211040448451
1.320789704211925,4.906732349708449
1.3396581285578095,4.920218842268008
1.3585265529036943,4.932665716843058
1.3773949772495788,4.944068542260679
1.3962634015954636,4.9544232590366235
1.4151318259413481,4.963726180820534
1.4340002502872329,4.971973995708295
1.4528686746331174,4.979163767421103
1.4717370989790022,4.985292936350798
1.4906055233248867,4.990359320471103
1.5094739476707715,4.994361116114439
1.528342372016656,4.997296898614044
1.5472107963625406,4.999165622811166
1.5660792207084253,4.999966623427142
1.5849476450543099,4.999699615300247
1.6038160694001946,4.998364693487208
1.6226844937460791,4.99596233322937
1.641552918091964,4.992493389783499
1.6604213424378484,4.987959098117313
1.6792897667837332,4.982361072469818
1.6981581911296177,4.975701305776631
1.7170266154755025,4.96798216896048
1.735895039821387,4.959206410087144
1.7547634641672718,4.949377153387113
1.7736318885131563,4.93849789814335
1.792500312859041,4.926572517445516
1.8113687372049256,4.913605256811129
1.8302371615508102,4.899600732674124
1.849105585896695,4.884563930741376
1.8679740102425795,4.868500204217753
1.8868424345884642,4.8514152719003345
1.9057108589343488,4.833315216142487
1.9245792832802335,4.814206480688497
1.943447707626118,4.7940958683795625
1.9623161319720028,4.772990538731925
1.9811845563178874,4.7508980053880405
2.000052980663772,4.727826133441665
2.0189214050096567,4.703783136637835
2.037789829355541,4.678777574448706
2.056658253701426,4.652818349026333
2.0755266780473107,4.625914702033439
2.0943951023931953,4.598076211353316
2.11326352673908,4.569312787680039
2.1321319510849643,4.539634670990182
2.1510003754308493,4.509052426897329
2.169868799776734,4.47757694289063
2.1887372241226184,4.445219424458787
2.207605648468503,4.411991391100822
2.226474072814388,4.377904672225054
2.2453424971602725,4.342971402937753
2.264210921506157,4.307204019722951
2.2830793458520415,4.270615256014976
2.3019477701979265,4.233218137665257
2.320816194543811,4.195025978305035
2.3396846188896956,4.156052374605616
2.35855304323558,4.11631120143786
2.377421467581465,4.075816606932639
2.3962898919273496,4.034583007444
2.415158316273234,3.9926250824168426
2.4340267406191187,3.9499577691609407
2.4528951649650033,3.9065962575331534
2.4717635893108882,3.862555984529731
2.490632013656773,3.817852628790645
2.5095004380026573,3.772502105017875
2.528368862348542,3.726520558309671
2.547237286694427,3.6799243584127863
2.5661057110403114,3.6327300938947378
2.584974135386196,3.5849545662381552
2.6038425597320805,3.536614783859344
2.6227109840779654,3.4877279560531687
2.64157940842385,3.43831148686643
2.6604478327697345,3.388382968901898
2.679316257115619,3.337960177055229
2.698184681461504,3.2870610621869796
2.7170531058073886,3.2357037447319783
2.735921530153273,3.1839065082483233
2.7547899544991576,3.131687792908311
2.773658378845042,3.0790661889336084
2.792526803190927,3.0260604299770066
2.8113952275368117,2.972689386453114
2.8302636518826962,2.9189720588203514
2.849132076228581,2.8649275708166666
2.8680005005744658,2.8105751626513467
2.8868689249203503,2.755934184155376
2.905737349266235,2.7010240878927583
2.9246057736121194,2.645864422235272
2.9434741979580044,2.590474824403117
2.962342622303889,2.5348750134739286
2.9812110466497734,2.4790847833626493
3.000079470995658,2.423123995774759
3.018947895341543,2.367012573135372
3.0378163196874275,2.3107704914967186
3.056684744033312,2.2544177734265283
3.0755531683791966,2.197974480879863
3.094421592725081,2.1414607080569183
3.113290017070966,2.084896574249355
3.1321584414168506,2.028302216677691
3.151026865762735,1.9716977833223108
3.1698952901086197,1.9151034257506472
3.1887637144545047,1.8585392919430834
3.207632138800389,1.8020255191201393
3.2265005631462738,1.7455822265734735
3.2453689874921583,1.6892295085032836
3.2642374118380433,1.632987426864629
3.283105836183928,1.5768760042252428
3.3019742605298124,1.5209152166373527
3.320842684875697,1.4651249865260736
3.3397111092215814,1.4095251755968854
3.3585795335674664,1.3541355777647297
3.377447957913351,1.2989759121072437
3.3963163822592355,1.2440658158446258
3.41518480660512,1.1894248373486553
3.434053230951005,1.1350724291833352
3.4529216552968895,1.0810279411796506
3.471790079642774,1.0273106135468884
3.4906585039886586,0.9739395700229954
3.5095269283345436,0.9209338110663934
3.528395352680428,0.8683122070916911
3.5472637770263127,0.8160934917516784
3.566132201372197,0.7642962552680235
3.585000625718082,0.7129389378130211
3.6038690500639667,0.6620398229447728
3.6227374744098513,0.611617031098104
3.641605898755736,0.561688513133572
3.6604743231016204,0.5122720439468331
3.6793427474475053,0.46338521614065753
3.69821117179339,0.41504543376184677
3.7170795961392744,0.367269906105264
3.735948020485159,0.32007564158721546
3.754816444831044,0.27347944169033056
3.7736848691769285,0.2274978949821267
3.792553293522813,0.18214737120935665
3.8114217178686975,0.13744401547027052
3.8302901422145825,0.09340374246684835
3.849158566560467,0.050042230839060675
3.8680269909063516,0.007374917583159224
3.886895415252236,-0.03458300744399789
3.905763839598121,-0.07581660693263803
3.9246322639440057,-0.11631120143785889
3.94350068828989,-0.15605237460561394
3.9623691126357747,-0.19502597830503365
3.9812375369816593,-0.23321813766525556
4.000105961327544,-0.2706152560149748
4.018974385673428,-0.30720401972294864
4.037842810019313,-0.3429714029377515
4.056711234365198,-0.3779046722250543
4.075579658711082,-0.41199139110082017
4.094448083056967,-0.44521942445878615
4.113316507402852,-0.4775769428906296
4.1321849317487365,-0.5090524268973278
4.1510533560946214,-0.5396346709901811
4.1699217804405055,-0.5693127876800363
4.1887902047863905,-0.5980762113533151
4.2076586291322755,-0.6259147020334384
4.22652705347816,-0.6528183490263322
4.245395477824045,-0.6787775744487052
4.264263902169929,-0.7037831366378331
4.283132326515814,-0.7278261334416647
4.302000750861699,-0.7508980053880396
4.320869175207583,-0.7729905387319245
4.339737599553468,-0.794095868379562
4.358606023899353,-0.8142064806884974
4.377474448245237,-0.8333152161424859
4.396342872591122,-0.8514152719003345
4.415211296937006,-0.8685002042177521
4.434079721282891,-0.884563930741376
4.452948145628776,-0.8996007326741235
4.47181656997466,-0.9136052568111284
4.490684994320545,-0.9265725174455159
4.50955341866643,-0.9384978981433494
4.528421843012314,-0.9493771533871125
4.547290267358199,-0.9592064100871438
4.566158691704083,-0.9679821689604804
4.585027116049968,-0.9757013057766306
4.603895540395853,-0.9823610724698177
4.622763964741737,-0.987959098117313
4.641632389087622,-0.9924933897834989
4.660500813433506,-0.995962333229369
4.679369237779391,-0.9983646934872077
4.698237662125276,-0.9996996153002469
4.71710608647116,-0.999966623427142
4.735974510817045,-0.9991656228111663
4.75484293516293,-0.9972968986140445
4.773711359508814,-0.994361116114439
4.792579783854699,-0.9903593204711028
4.811448208200583,-0.9852929363507985
4.830316632546468,-0.9791637674211033
4.849185056892353,-0.9719739957082951
4.8680534812382374,-0.9637261808205344
4.886921905584122,-0.9544232590366244
4.9057903299300065,-0.9440685422606792
4.9246587542758915,-0.9326657168430592
4.9435271786217765,-0.9202188422680084
4.962395602967661,-0.9067323497084492
4.981264027313546,-0.8922110404484522
5.0001324516594305,-0.8766600841739494
5.019000876005315,-0.8600850171322887
5.0378693003512,-0.8424917401612895
5.056737724697084,-0.8238865165885105
5.075606149042969,-0.8042759700014539
5.094474573388854,-0.7836670818895284
5.113342997734738,-0.7620671891585902
5.132211422080623,-0.7394839815189505
5.151079846426507,-0.715925498747791
5.169948270772392,-0.691400127826943
5.188816695118277,-0.6659165999570682
5.207685119464161,-0.6394839874492892
5.226553543810046,-0.6121117004953831
5.245421968155931,-0.5838094838176926
5.264290392501815,-0.5545874131999353
5.2831588168477,-0.5244558919001512
5.302027241193584,-0.49342564694708235
5.320895665539469,-0.4615077253212636
5.339764089885354,-0.4287134900222327
5.358632514231238,-0.3950546160232191
5.377500938577123,-0.3605430861147707
5.396369362923008,-0.3251911866388051
5.415237787268892,-0.28901150311458323
5.434106211614777,-0.25201691575817353
5.452974635960661,-0.21422059489701883
5.471843060306546,-0.17563599628119286
5.490711484652431,-0.13627685629307695
5.509579908998315,-0.09615718705710385
5.5284483333442,-0.055291271451343604
5.547316757690084,-0.013693658022710498
5.566185182035969,0.028620844192432715
5.585053606381854,0.07163717094038136
5.603922030727738,0.11534000811307088
5.622790455073623,0.15971379720001333
5.641658879419508,0.2047427408272191
5.6605273037653925,0.25041080838117824
5.6793957281112775,0.2967017417158755
5.698264152457162,0.34359906094078685
5.7171325768030465,0.3910860702878509
5.7360010011489315,0.43914586405526235
5.754869425494816,0.48776133262602395
5.773737849840701,0.5369151685590952
5.792606274186585,0.5865898727509435
5.81147469853247,0.6367677606653659
5.830343122878355,0.6874309686292861
5.849211547224239,0.7385614601923545
5.868079971570124,0.7901410325480547
5.886948395916009,0.8421513230140132
5.905816820261893,0.894573815569248
5.924685244607778,0.9473898474460072
5.943553668953662,1.0005806157738244
5.962422093299547,1.0541271842734907
5.981290517645432,1.1080104899984822
6.000158941991316,1.1622113501215074
6.019027366337201,1.2167104687637338
6.037895790683086,1.271488443864238
6.05676421502897,1.32652577408728
6.075632639374855,1.381802865764921
6.094501063720739,1.4373000398724858
6.113369488066624,1.492997539034451
6.132237912412509,1.548875534558189
6.151106336758393,1.6049141334931267
6.169974761104278,1.66109338571278
6.188843185450162,1.7173932910171181
6.207711609796047,1.7737938062527931
6.226580034141932,1.8302748524486219
6.245448458487816,1.8868163219638456
6.264316882833701,1.9433980856465969
6.283185307179586,1.9999999999999993
6.30205373152547,2.056601914353399
6.320922155871355,2.11318367803615
6.339790580217239,2.169725147551374
6.358659004563124,2.2262061937472026
6.377527428909009,2.2826067089828777
6.3963958532548935,2.338906614287216
6.415264277600778,2.3950858665068693
6.4341327019466625,2.451124465441807
6.4530011262925475,2.507002460965545
6.4718695506384325,2.5626999601275102
6.490737974984317,2.618197134235075
6.509606399330202,2.6734742259127158
6.528474823676087,2.7285115561357607
6.547343248021971,2.783289531236262
6.566211672367856,2.8377886498784886
6.58508009671374,2.891989510001514
6.603948521059625,2.9458728157265055
6.62281694540551,2.9994193842261714
6.641685369751394,3.052610152553989
6.660553794097279,3.105426184430748
6.679422218443163,3.1578486769859833
6.698290642789048,3.2098589674519413
6.717159067134933,3.2614385398076418
6.736027491480817,3.3125690313707103
6.754895915826702,3.3632322393346303
6.773764340172587,3.413410127249053
6.792632764518471,3.4630848314409013
6.811501188864356,3.5122386673739725
6.83036961321024,3.560854135944734
6.849238037556125,3.6089139297121453
6.86810646190201,3.6564009390592096
6.886974886247894,3.703298258284121
6.905843310593779,3.7495891916188184
6.924711734939664,3.79525725917278
6.943580159285548,3.8402862027999833
6.962448583631433,3.8846599918869256
6.981317007977317,3.9283628290596155
7.000185432323202,3.971379155807564
7.019053856669087,4.013693658022707
7.037922281014971,4.05529127145134
7.056790705360856,4.096157187057101
7.07565912970674,4.136276856293074
7.094527554052625,4.175635996281191
7.11339597839851,4.214220594897016
7.132264402744394,4.252016915758171
7.151132827090279,4.289011503114581
7.170001251436164,4.325191186638804
7.1888696757820485,4.3605430861147685
7.2077381001279335,4.3950546160232165
7.226606524473818,4.42871349002223
7.2454749488197026,4.461507725321261
7.2643433731655875,4.49342564694708
7.283211797511472,4.524455891900149
7.302080221857357,4.554587413199933
7.320948646203241,4.58380948381769
7.339817070549126,4.612111700495381
7.358685494895011,4.639483987449287
7.377553919240895,4.665916599957066
7.39642234358678,4.691400127826942
7.415290767932665,4.71592549874779
7.434159192278549,4.739483981518949
7.453027616624434,4.762067189158589
7.471896040970318,4.783667081889527
7.490764465316203,4.804275970001452
7.509632889662088,4.82388651658851
7.528501314007972,4.842491740161289
7.547369738353857,4.860085017132287
7.566238162699741,4.876660084173948
7.585106587045626,4.892211040448451
7.603975011391511,4.906732349708449
7.622843435737395,4.9202188422680075
7.64171186008328,4.932665716843058
7.660580284429165,4.944068542260679
7.679448708775049,4.9544232590366235
7.698317133120934,4.963726180820534
7.717185557466818,4.971973995708295
7.736053981812703,4.9791637674211024
7.754922406158588,4.985292936350798
7.773790830504472,4.990359320471103
7.792659254850357,4.994361116114439
7.811527679196242,4.997296898614044
7.830396103542126,4.999165622811166
7.849264527888011,4.999966623427142
7.868132952233895,4.999699615300247
7.88700137657978,4.998364693487208
7.905869800925665,4.99596233322937
7.9247382252715495,4.992493389783499
7.9436066496174345,4.987959098117313
7.9624750739633186,4.982361072469818
7.9813434983092035,4.9757013057766315
8.000211922655089,4.96798216896048
8.019080347000973,4.959206410087145
8.037948771346857,4.949377153387114
8.056817195692743,4.93849789814335
8.075685620038627,4.926572517445517
8.09455404438451,4.91360525681113
8.113422468730397,4.899600732674124
8.13229089307628,4.884563930741377
8.151159317422165,4.868500204217755
8.17002774176805,4.8514152719003345
8.188896166113935,4.833315216142488
8.207764590459819,4.814206480688499
8.226633014805705,4.7940958683795625
8.245501439151589,4.772990538731926
8.264369863497473,4.750898005388041
8.283238287843357,4.727826133441668
8.302106712189243,4.703783136637835
8.320975136535127,4.678777574448707
8.339843560881011,4.652818349026336
8.358711985226897,4.625914702033439
8.377580409572781,4.598076211353318
8.396448833918665,4.56931278768004
8.415317258264551,4.539634670990182
8.434185682610435,4.5090524268973295
8.45305410695632,4.477576942890632
8.471922531302205,4.445219424458787
8.49079095564809,4.411991391100823
8.509659379993973,4.377904672225057
8.528527804339857,4.3429714029377555
8.547396228685743,4.307204019722951
8.566264653031627,4.2706152560149775
8.585133077377511,4.2332181376652604
8.604001501723397,4.195025978305036
8.622869926069281,4.156052374605617
8.641738350415165,4.116311201437862
8.660606774761051,4.075816606932639
8.679475199106935,4.034583007444001
8.69834362345282,3.992625082416845
8.717212047798705,3.94995776916094
8.73608047214459,3.906596257533154
8.754948896490474,3.8625559845297337
8.773817320836358,3.8178526287906487
8.792685745182244,3.7725021050178755
8.811554169528128,3.726520558309673
8.830422593874012,3.6799243584127903
8.849291018219898,3.632730093894738
8.868159442565782,3.584954566238157
8.887027866911666,3.536614783859347
8.905896291257552,3.4877279560531695
8.924764715603436,3.4383114868664317
8.94363313994932,3.388382968901901
8.962501564295206,3.3379601770552285
8.98136998864109,3.2870610621869814
9.000238412986974,3.235703744731982
9.01910683733286,3.183906508248323
9.037975261678744,3.1316877929083113
9.056843686024628,3.0790661889336106
9.075712110370512,3.026060429977011
9.094580534716398,2.9726893864531143
9.113448959062282,2.918972058820353
9.132317383408166,2.86492757081667
9.151185807754052,2.8105751626513475
9.170054232099936,2.755934184155378
9.18892265644582,2.701024087892762
9.207791080791706,2.6458644222352716
9.22665950513759,2.5904748244031186
9.245527929483474,2.5348750134739317
9.26439635382936,2.479084783362649
9.283264778175244,2.42312399577476
9.302133202521128,2.3670125731353755
9.321001626867012,2.310770491496723
9.339870051212898,2.254417773426529
9.358738475558782,2.1979744808798647
9.377606899904666,2.141460708056922
9.396475324250552,2.0848965742493557
9.415343748596436,2.028302216677693
9.43421217294232,1.9716977833223144
9.453080597288206,1.9151034257506467
9.47194902163409,1.8585392919430856
9.490817445979975,1.8020255191201426
9.50968587032586,1.745582226573473
9.528554294671745,1.6892295085032842
9.547422719017629,1.632987426864632
9.566291143363513,1.5768760042252474
9.585159567709399,1.5209152166373534
9.604027992055283,1.4651249865260756
9.622896416401167,1.4095251755968887
9.641764840747053,1.3541355777647304
9.660633265092937,1.2989759121072457
9.67950168943882,1.244065815844629
9.698370113784707,1.1894248373486547
9.71723853813059,1.1350724291833372
9.736106962476475,1.0810279411796537
9.75497538682236,1.0273106135468877
9.773843811168245,0.973939570022996
9.792712235514129,0.9209338110663965
9.811580659860013,0.8683122070916955
9.830449084205899,0.8160934917516793
9.849317508551783,0.7642962552680252
9.868185932897667,0.7129389378130253
9.887054357243553,0.6620398229447735
9.905922781589437,0.6116170310981057
9.924791205935321,0.5616885131335749
9.943659630281207,0.5122720439468327
9.962528054627091,0.46338521614065975
9.981396478972975,0.41504543376184944
10.000264903318861,0.36726990610526355
10.019133327664745,0.3200756415872159
10.03800175201063,0.2734794416903332
10.056870176356513,0.2274978949821307
10.0757386007024,0.1821473712093571
10.094607025048283,0.13744401547027207
10.113475449394167,0.0934037424668519
10.132343873740053,0.05004223083906134
10.151212298085937,0.007374917583160556
10.170080722431821,-0.03458300744399523
10.188949146777707,-0.07581660693263759
10.207817571123591,-0.11631120143785711
10.226685995469476,-0.15605237460561172
10.245554419815361,-0.1950259783050341
10.264422844161246,-0.23321813766525512
10.28329126850713,-0.27061525601497216
10.302159692853014,-0.3072040197229464
10.3210281171989,-0.3429714029377511
10.339896541544784,-0.37790467222505164
10.358764965890668,-0.4119913911008184
10.377633390236554,-0.4452194244587857
10.396501814582438,-0.47757694289062735
10.415370238928322,-0.5090524268973255
10.434238663274208,-0.5396346709901811
10.453107087620092,-0.5693127876800359
10.471975511965976,-0.5980762113533133
10.490843936311862,-0.6259147020334384
10.509712360657746,-0.6528183490263322
10.52858078500363,-0.6787775744487035
10.547449209349516,-0.703783136637834
10.5663176336954,-0.7278261334416642
10.585186058041284,-0.7508980053880387
10.604054482387168,-0.7729905387319231
10.622922906733054,-0.794095868379562
10.641791331078938,-0.8142064806884965
10.660659755424822,-0.8333152161424846
10.679528179770708,-0.8514152719003341
10.698396604116592,-0.8685002042177521
10.717265028462476,-0.8845639307413751
10.736133452808362,-0.8996007326741235
10.755001877154246,-0.9136052568111284
10.77387030150013,-0.926572517445515
10.792738725846016,-0.9384978981433494
10.8116071501919,-0.9493771533871125
10.830475574537784,-0.9592064100871429
10.849343998883668,-0.9679821689604795
10.868212423229554,-0.9757013057766306
10.887080847575438,-0.9823610724698173
10.905949271921322,-0.9879590981173125
10.924817696267208,-0.9924933897834989
10.943686120613092,-0.995962333229369
10.962554544958977,-0.9983646934872077
10.981422969304862,-0.9996996153002469
11.000291393650746,-0.999966623427142
11.01915981799663,-0.9991656228111663
11.038028242342516,-0.9972968986140445
11.0568966666884,-0.994361116114439
11.075765091034285,-0.9903593204711032
11.094633515380169,-0.985292936350799
11.113501939726055,-0.9791637674211033
11.132370364071939,-0.9719739957082956
11.151238788417823,-0.9637261808205349
11.170107212763709,-0.9544232590366244
11.188975637109593,-0.9440685422606792
11.207844061455477,-0.9326657168430597
11.226712485801363,-0.9202188422680084
11.245580910147247,-0.9067323497084496
11.264449334493131,-0.8922110404484531
11.283317758839017,-0.8766600841739494
11.3021861831849,-0.8600850171322891
11.321054607530785,-0.8424917401612908
11.339923031876669,-0.8238865165885119
11.358791456222555,-0.8042759700014539
11.377659880568439,-0.7836670818895293
11.396528304914323,-0.762067189158592
11.415396729260209,-0.7394839815189509
11.434265153606093,-0.7159254987477914
11.453133577951977,-0.6914001278269448
11.472002002297863,-0.6659165999570682
11.490870426643747,-0.6394839874492897
11.509738850989631,-0.6121117004953849
11.528607275335517,-0.583809483817693
11.547475699681401,-0.5545874131999353
11.566344124027285,-0.524455891900153
11.58521254837317,-0.49342564694708413
11.604080972719055,-0.46150772532126405
11.62294939706494,-0.42871349002223447
11.641817821410823,-0.39505461602322134
11.66068624575671,-0.3605430861147716
11.679554670102593,-0.3251911866388073
11.698423094448477,-0.28901150311458546
11.717291518794363,-0.2520169157581744
11.736159943140247,-0.21422059489701928
11.755028367486132,-0.17563599628119508
11.773896791832017,-0.1362768562930774
11.792765216177902,-0.0961571870571043
11.811633640523786,-0.055291271451345825
11.83050206486967,-0.013693658022713162
11.849370489215556,0.028620844192432493
11.86823891356144,0.07163717094037869
11.887107337907324,0.11534000811306866
11.90597576225321,0.15971379720001266
11.924844186599094,0.20474274082721644
11.943712610944978,0.25041080838117535
11.962581035290864,0.29670174171587504
11.981449459636748,0.3435990609407862
12.000317883982632,0.39108607028784825
12.019186308328518,0.4391458640552617
12.038054732674402,0.4877613326260233
12.056923157020286,0.536915168559092
12.075791581366172,0.5865898727509453
12.094660005712056,0.6367677606653652
12.11352843005794,0.687430968629283
12.132396854403824,0.7385614601923516
12.15126527874971,0.790141032548054
12.170133703095594,0.8421513230140101
12.189002127441478,0.8945738155692449
12.207870551787364,0.9473898474460065
12.226738976133248,1.0005806157738237
12.245607400479132,1.0541271842734874
12.264475824825018,1.1080104899984813
12.283344249170902,1.1622113501215066
12.302212673516786,1.2167104687637305
12.321081097862672,1.271488443864237
12.339949522208556,1.3265257740872793
12.35881794655444,1.3818028657649177
12.377686370900324,1.4373000398724824
12.39655479524621,1.4929975390344503
12.415423219592094,1.5488755345581857
12.434291643937978,1.6049141334931232
12.453160068283864,1.6610933857127792
12.472028492629748,1.7173932910171175
12.490896916975633,1.7737938062527898
12.509765341321518,1.8302748524486212
12.528633765667402,1.886816321963845
12.547502190013287,1.9433980856465936
12.566370614359172,1.9999999999999984
12.585239038705057,2.056601914353398
12.60410746305094,2.1131836780361466
12.622975887396825,2.169725147551371
12.64184431174271,2.226206193747202
12.660712736088595,2.2826067089828745
12.679581160434479,2.3389066142872124
12.698449584780365,2.3950858665068684
12.717318009126249,2.451124465441806
12.736186433472133,2.5070024609655417
12.755054857818019,2.5626999601275093
12.773923282163903,2.618197134235074
12.792791706509787,2.6734742259127127
12.811660130855673,2.72851155613576
12.830528555201557,2.7832895312362615
12.849396979547441,2.8377886498784854
12.868265403893325,2.891989510001511
12.887133828239211,2.9458728157265046
12.906002252585095,2.9994193842261683
12.92487067693098,3.052610152553986
12.943739101276865,3.1054261844307476
12.962607525622749,3.1578486769859824
12.981475949968633,3.2098589674519387
13.000344374314519,3.2614385398076413
13.019212798660403,3.3125690313707095
13.038081223006287,3.3632322393346277
13.056949647352173,3.413410127249052
13.075818071698057,3.4630848314409004
13.094686496043941,3.5122386673739694
13.113554920389825,3.560854135944731
13.132423344735711,3.608913929712145
13.151291769081595,3.656400939059207
13.17016019342748,3.7032982582841183
13.189028617773365,3.749589191618818
13.20789704211925,3.795257259172777
13.226765466465134,3.8402862027999807
13.24563389081102,3.884659991886925
13.264502315156903,3.928362829059615
13.283370739502788,3.9713791558075617
13.302239163848673,4.0136936580227065
13.321107588194558,4.05529127145134
13.339976012540442,4.0961571870570985
13.358844436886326,4.136276856293072
13.377712861232212,4.17563599628119
13.396581285578096,4.2142205948970135
13.41544970992398,4.252016915758169
13.434318134269866,4.28901150311458
13.45318655861575,4.325191186638802
13.472054982961634,4.360543086114767
13.49092340730752,4.3950546160232165
13.509791831653404,4.428713490022229
13.528660255999288,4.461507725321259
13.547528680345174,4.493425646947079
13.566397104691058,4.524455891900148
13.585265529036942,4.554587413199931
13.604133953382826,4.583809483817689
13.623002377728712,4.612111700495381
13.641870802074596,4.639483987449285
13.66073922642048,4.665916599957065
13.679607650766366,4.691400127826941
13.69847607511225,4.715925498747788
13.717344499458134,4.739483981518948
13.73621292380402,4.762067189158588
13.755081348149904,4.783667081889527
13.773949772495788,4.80427597000145
13.792818196841674,4.823886516588509
13.811686621187558,4.842491740161288
13.830555045533442,4.8600850171322865
13.849423469879328,4.876660084173949
13.868291894225212,4.892211040448451
13.887160318571096,4.906732349708447
13.90602874291698,4.920218842268007
13.924897167262866,4.932665716843058
13.94376559160875,4.944068542260678
13.962634015954634,4.9544232590366235
13.98150244030052,4.963726180820534
14.000370864646404,4.971973995708295
14.019239288992289,4.9791637674211024
14.038107713338174,4.985292936350797
14.056976137684059,4.990359320471103
14.075844562029943,4.994361116114439
14.094712986375828,4.997296898614044
14.113581410721713,4.999165622811166
14.132449835067597,4.999966623427142
14.15131825941348,4.999699615300247
14.170186683759367,4.998364693487208
14.18905510810525,4.99596233322937
14.207923532451135,4.992493389783499
14.22679195679702,4.987959098117313
14.245660381142905,4.982361072469818
14.264528805488789,4.9757013057766315
14.283397229834675,4.96798216896048
14.302265654180559,4.959206410087145
14.321134078526443,4.949377153387114
14.340002502872329,4.93849789814335
14.358870927218213,4.926572517445517
14.377739351564097,4.91360525681113
14.396607775909981,4.899600732674125
14.415476200255867,4.884563930741377
14.434344624601751,4.868500204217755
14.453213048947635,4.851415271900336
14.472081473293521,4.833315216142488
14.490949897639405,4.814206480688499
14.50981832198529,4.794095868379565
14.528686746331175,4.772990538731926
14.54755517067706,4.750898005388041
14.566423595022943,4.727826133441668
14.58529201936883,4.703783136637835
14.604160443714713,4.6787775744487075
14.623028868060597,4.652818349026336
14.641897292406481,4.625914702033443
14.660765716752367,4.598076211353318
14.679634141098251,4.56931278768004
14.698502565444135,4.539634670990186
14.717370989790021,4.50905242689733
14.736239414135905,4.477576942890632
14.75510783848179,4.44521942445879
14.773976262827675,4.411991391100823
14.79284468717356,4.377904672225057
14.811713111519444,4.342971402937756
14.83058153586533,4.307204019722952
14.849449960211214,4.2706152560149775
14.868318384557098,4.2332181376652604
14.887186808902982,4.19502597830504
14.906055233248868,4.1560523746056175
14.924923657594752,4.116311201437863
14.943792081940636,4.075816606932643
14.962660506286522,4.0345830074440014
14.981528930632406,3.9926250824168457
15.00039735497829,3.949957769160945
15.019265779324176,3.9065962575331543
15.03813420367006,3.8625559845297346
15.057002628015944,3.8178526287906496
15.07587105236183,3.772502105017876
15.094739476707714,3.7265205583096734
15.113607901053598,3.6799243584127908
15.132476325399482,3.632730093894743
15.151344749745368,3.5849545662381574
15.170213174091252,3.536614783859348
15.189081598437136,3.487727956053175
15.207950022783022,3.438311486866432
15.226818447128906,3.3883829689019014
15.24568687147479,3.3379601770552343
15.264555295820676,3.2870610621869822
15.28342372016656,3.2357037447319823
15.302292144512444,3.183906508248328
15.32116056885833,3.1316877929083122
15.340028993204214,3.079066188933611
15.358897417550098,3.0260604299770115
15.377765841895984,2.9726893864531148
15.396634266241868,2.918972058820354
15.415502690587752,2.864927570816671
15.434371114933636,2.8105751626513533
15.453239539279522,2.755934184155379
15.472107963625406,2.7010240878927623
15.49097638797129,2.6458644222352774
15.509844812317176,2.5904748244031195
15.52871323666306,2.5348750134739326
15.547581661008945,2.4790847833626546
15.56645008535483,2.423123995774761
15.585318509700715,2.367012573135376
15.604186934046599,2.310770491496724
15.623055358392484,2.25441777342653
15.641923782738369,2.1979744808798656
15.660792207084253,2.141460708056923
15.679660631430137,2.0848965742493615
15.698529055776023,2.028302216677694
15.717397480121907,1.971697783322315
15.73626590446779,1.9151034257506527
15.755134328813677,1.8585392919430863
15.77400275315956,1.8020255191201435
15.792871177505445,1.745582226573479
15.81173960185133,1.689229508503285
15.830608026197215,1.632987426864633
15.849476450543099,1.576876004225248
15.868344874888985,1.5209152166373543
15.887213299234869,1.4651249865260763
15.906081723580753,1.4095251755968894
15.924950147926637,1.3541355777647364
15.943818572272523,1.2989759121072464
15.962686996618407,1.2440658158446298
15.981555420964291,1.1894248373486604
16.000423845310177,1.1350724291833378
16.01929226965606,1.0810279411796597
16.038160694001945,1.0273106135468937
16.05702911834783,0.9739395700229967
16.075897542693713,0.9209338110664023
16.0947659670396,0.8683122070916962
16.113634391385485,0.8160934917516798
16.132502815731367,0.7642962552680308
16.151371240077253,0.7129389378130262
16.17023966442314,0.6620398229447741
16.18910808876902,0.6116170310981113
16.207976513114907,0.5616885131335756
16.226844937460793,0.5122720439468331
16.245713361806676,0.46338521614066464
16.26458178615256,0.4150454337618501
16.283450210498447,0.367269906105264
16.30231863484433,0.320075641587221
16.321187059190216,0.2734794416903341
16.3400554835361,0.22749789498212714
16.358923907881984,0.18214737120936197
16.37779233222787,0.13744401547027252
16.396660756573755,0.09340374246684857
16.415529180919638,0.050042230839066004
16.434397605265524,0.007374917583161
16.45326602961141,-0.03458300744399878
16.472134453957292,-0.07581660693263315
16.491002878303178,-0.11631120143785667
16.509871302649064,-0.15605237460561483
16.528739726994946,-0.1950259783050301
16.54760815134083,-0.23321813766525468
16.566476575686714,-0.2706152560149686
16.5853450000326,-0.3072040197229464
16.604213424378486,-0.34297140293775064
16.623081848724368,-0.3779046722250481
16.641950273070254,-0.41199139110081795
16.66081869741614,-0.44521942445878526
16.679687121762022,-0.47757694289062425
16.698555546107908,-0.5090524268973251
16.717423970453794,-0.5396346709901807
16.736292394799676,-0.5693127876800332
16.755160819145562,-0.5980762113533133
16.774029243491448,-0.6259147020334379
16.79289766783733,-0.6528183490263291
16.811766092183216,-0.678777574448703
16.830634516529102,-0.7037831366378335
16.849502940874984,-0.727826133441662
16.86837136522087,-0.7508980053880383
16.887239789566756,-0.7729905387319249
16.90610821391264,-0.7940958683795598
16.924976638258524,-0.8142064806884961
16.94384506260441,-0.8333152161424864
16.962713486950292,-0.8514152719003318
16.98158191129618,-0.8685002042177516
17.000450335642064,-0.8845639307413764
17.019318759987947,-0.8996007326741222
17.038187184333832,-0.9136052568111279
17.057055608679715,-0.9265725174455137
17.0759240330256,-0.938497898143348
17.094792457371486,-0.949377153387112
17.11366088171737,-0.959206410087142
17.132529306063255,-0.9679821689604795
17.15139773040914,-0.9757013057766302
17.170266154755023,-0.9823610724698169
17.18913457910091,-0.9879590981173125
17.208003003446795,-0.9924933897834989
17.226871427792677,-0.995962333229369
17.245739852138563,-0.9983646934872077
17.26460827648445,-0.9996996153002469
17.28347670083033,-0.9999666234271425
17.302345125176217,-0.9991656228111663
17.321213549522103,-0.9972968986140445
17.340081973867985,-0.9943611161144394
17.35895039821387,-0.9903593204711032
17.377818822559757,-0.9852929363507981
17.39668724690564,-0.9791637674211042
17.415555671251525,-0.9719739957082956
17.43442409559741,-0.963726180820534
17.453292519943293,-0.9544232590366257
17.47216094428918,-0.9440685422606796
17.491029368635065,-0.9326657168430588
17.509897792980947,-0.9202188422680102
17.528766217326833,-0.9067323497084496
17.547634641672715,-0.8922110404484549
17.5665030660186,-0.8766600841739516
17.585371490364487,-0.8600850171322891
17.60423991471037,-0.8424917401612926
17.623108339056255,-0.8238865165885123
17.64197676340214,-0.8042759700014543
17.660845187748023,-0.7836670818895319
17.67971361209391,-0.762067189158592
17.698582036439795,-0.7394839815189513
17.717450460785678,-0.7159254987477941
17.736318885131563,-0.6914001278269453
17.75518730947745,-0.6659165999570686
17.77405573382333,-0.6394839874492928
17.792924158169217,-0.6121117004953853
17.811792582515103,-0.5838094838176935
17.830661006860986,-0.5545874131999384
17.84952943120687,-0.5244558919001534
17.868397855552757,-0.49342564694708146
17.88726627989864,-0.46150772532126716
17.906134704244526,-0.4287134900222349
17.92500312859041,-0.39505461602321823
17.943871552936294,-0.36054308611477515
17.96273997728218,-0.32519118663880775
17.981608401628066,-0.28901150311458235
18.000476825973948,-0.2520169157581784
18.019345250319834,-0.21422059489701972
18.03821367466572,-0.17563599628119242
18.057082099011602,-0.1362768562930814
18.075950523357488,-0.09615718705710519
18.09481894770337,-0.05529127145135071
18.113687372049256,-0.013693658022713606
18.132555796395142,0.028620844192431605
18.151424220741024,0.0716371709403738
18.17029264508691,0.11534000811306777
18.189161069432796,0.159713797200012
18.208029493778678,0.20474274082721133
18.226897918124564,0.2504108083811749
18.24576634247045,0.29670174171587416
18.264634766816332,0.3435990609407811
18.283503191162218,0.3910860702878476
18.302371615508104,0.439145864055261
18.321240039853986,0.48776133262601795
18.340108464199872,0.5369151685590916
18.358976888545758,0.5865898727509449
18.37784531289164,0.6367677606653599
18.396713737237526,0.6874309686292823
18.415582161583412,0.7385614601923556
18.434450585929294,0.7901410325480485
18.45331901027518,0.8421513230140092
18.472187434621066,0.8945738155692493
18.49105585896695,0.9473898474460007
18.509924283312834,1.000580615773823
18.52879270765872,1.0541271842734918
18.547661132004603,1.1080104899984757
18.56652955635049,1.162211350121506
18.58539798069637,1.2167104687637247
18.604266405042257,1.2714884438642313
18.623134829388142,1.3265257740872785
18.642003253734025,1.3818028657649117
18.66087167807991,1.4373000398724818
18.679740102425797,1.4929975390344494
18.69860852677168,1.5488755345581797
18.717476951117565,1.6049141334931225
18.73634537546345,1.6610933857127785
18.755213799809333,1.7173932910171112
18.77408222415522,1.773793806252789
18.792950648501105,1.8302748524486203
18.811819072846987,1.886816321963839
18.830687497192873,1.9433980856465929
18.84955592153876,1.9999999999999978
